categoria,estoque,estrela,livro,preco
Childrens,instock availability,Three,Birdsong: A Story in Pictures,£54.64
Childrens,instock availability,One,The Bear and the Piano,£54.64
Childrens,instock availability,One,The Secret of Dreadwillow Carse,£54.64
Childrens,instock availability,Four,The White Cat and the Monk: A Retelling of the Poem “Pangur Bán”,£54.64
Childrens,instock availability,Three,Little Red,£54.64
Childrens,instock availability,Five,Walt Disney's Alice in Wonderland,£54.64
Childrens,instock availability,Two,Twenty Yawns,£54.64
Childrens,instock availability,Three,Rain Fish,£54.64
Childrens,instock availability,Two,Once Was a Time,£54.64
Childrens,instock availability,Three,Luis Paints the World,£54.64
Childrens,instock availability,One,Nap-a-Roo,£54.64
Childrens,instock availability,Four,The Whale,£54.64
Childrens,instock availability,Three,"Shrunken Treasures: Literary Classics, Short, Sweet, and Silly",£54.64
Childrens,instock availability,Two,Raymie Nightingale,£54.64
Childrens,instock availability,One,Playing from the Heart,£54.64
Childrens,instock availability,One,Maybe Something Beautiful: How Art Transformed a Neighborhood,£54.64
Childrens,instock availability,Three,The Wild Robot,£54.64
Childrens,instock availability,One,The Thing About Jellyfish,£54.64
Childrens,instock availability,Five,The Lonely Ones,£54.64
Childrens,instock availability,Five,The Day the Crayons Came Home (Crayons),£54.64
Fiction,instock availability,One,Soumission,£50.10
Fiction,instock availability,Five,Private Paris (Private #10),£50.10
Fiction,instock availability,Five,"We Love You, Charlie Freeman",£50.10
Fiction,instock availability,Five,Thirst,£50.10
Fiction,instock availability,Three,The Murder That Never Was (Forensic Instincts #5),£50.10
Fiction,instock availability,Two,Tuesday Nights in 1980,£50.10
Fiction,instock availability,Four,The Vacationers,£50.10
Fiction,instock availability,Five,The Regional Office Is Under Attack!,£50.10
Fiction,instock availability,Five,Finders Keepers (Bill Hodges Trilogy #2),£50.10
Fiction,instock availability,Five,The Time Keeper,£50.10
Fiction,instock availability,Four,The Testament of Mary,£50.10
Fiction,instock availability,Three,The First Hostage (J.B. Collins #2),£50.10
Fiction,instock availability,Three,Take Me with You,£50.10
Fiction,instock availability,Three,Still Life with Bread Crumbs,£50.10
Fiction,instock availability,Four,Shtum,£50.10
Fiction,instock availability,One,My Name Is Lucy Barton,£50.10
Fiction,instock availability,Three,My Mrs. Brown,£50.10
Fiction,instock availability,One,Mr. Mercedes (Bill Hodges Trilogy #1),£50.10
Fiction,instock availability,Four,I Am Pilgrim (Pilgrim #1),£50.10
Fiction,instock availability,Three,Eligible (The Austen Project #4),£50.10
Womens Fiction,instock availability,Four,I Had a Nice Time And Other Lies...: How to find love & sh*t like that,£57.36
Womens Fiction,instock availability,Three,Will You Won't You Want Me?,£57.36
Womens Fiction,instock availability,Four,Keep Me Posted,£57.36
Womens Fiction,instock availability,Four,Grey (Fifty Shades #4),£57.36
Womens Fiction,instock availability,Three,Meternity,£57.36
Womens Fiction,instock availability,Five,Some Women,£57.36
Womens Fiction,instock availability,Five,Shopaholic Ties the Knot (Shopaholic #3),£57.36
Womens Fiction,instock availability,One,Can You Keep a Secret?,£57.36
Womens Fiction,instock availability,Two,Twenties Girl,£57.36
Womens Fiction,instock availability,Four,The Undomestic Goddess,£57.36
Womens Fiction,instock availability,Five,The Nanny Diaries (Nanny #1),£57.36
Womens Fiction,instock availability,One,The Devil Wears Prada (The Devil Wears Prada #1),£57.36
Womens Fiction,instock availability,Five,Something Borrowed (Darcy & Rachel #1),£57.36
Womens Fiction,instock availability,One,Something Blue (Darcy & Rachel #2),£57.36
Womens Fiction,instock availability,One,I've Got Your Number,£57.36
Womens Fiction,instock availability,Four,The Edge of Reason (Bridget Jones #2),£57.36
Womens Fiction,instock availability,One,Bridget Jones's Diary (Bridget Jones #1),£57.36
Romance,instock availability,Five,Chase Me (Paris Nights #2),£25.27
Romance,instock availability,Five,Black Dust,£25.27
Romance,instock availability,One,Her Backup Boyfriend (The Sorensen Family #1),£25.27
Romance,instock availability,Four,First and First (Five Boroughs #3),£25.27
Romance,instock availability,One,Fifty Shades Darker (Fifty Shades #2),£25.27
Romance,instock availability,One,The Wedding Dress,£25.27
Romance,instock availability,Two,Suddenly in Love (Lake Haven #1),£25.27
Romance,instock availability,Four,Something More Than This,£25.27
Romance,instock availability,Three,Doing It Over (Most Likely To #1),£25.27
Romance,instock availability,Three,The Wedding Pact (The O'Malleys #2),£25.27
Romance,instock availability,One,Hold Your Breath (Search and Rescue #1),£25.27
Romance,instock availability,Four,Dirty (Dive Bar #1),£25.27
Romance,instock availability,Three,Take Me Home Tonight (Rock Star Romance #3),£25.27
Romance,instock availability,Three,Off the Hook (Fishing for Trouble #1),£25.27
Romance,instock availability,Five,A Gentleman's Position (Society of Gentlemen #3),£25.27
Romance,instock availability,Three,"Sit, Stay, Love",£25.27
Romance,instock availability,One,A Girl's Guide to Moving On (New Beginnings #2),£25.27
Romance,instock availability,Three,The Perfect Play (Play by Play #1),£25.27
Romance,instock availability,One,Dark Lover (Black Dagger Brotherhood #1),£25.27
Romance,instock availability,Three,Changing the Game (Play by Play #2),£25.27
Philosophy,instock availability,Five,Sophie's World,£15.94
Philosophy,instock availability,Four,The Death of Humanity: and the Case for Life,£15.94
Philosophy,instock availability,Four,The Stranger,£15.94
Philosophy,instock availability,One,Proofs of God: Classical Arguments from Tertullian to Barth,£15.94
Philosophy,instock availability,One,Kierkegaard: A Christian Missionary to Christians,£15.94
Philosophy,instock availability,Five,"At The Existentialist Café: Freedom, Being, and apricot cocktails with: Jean-Paul Sartre, Simone de Beauvoir, Albert Camus, Martin Heidegger, Edmund Husserl, Karl Jaspers, Maurice Merleau-Ponty and others",£15.94
Philosophy,instock availability,One,Critique of Pure Reason,£15.94
Philosophy,instock availability,One,"Run, Spot, Run: The Ethics of Keeping Pets",£15.94
Philosophy,instock availability,One,The Nicomachean Ethics,£15.94
Philosophy,instock availability,Two,Meditations,£15.94
Philosophy,instock availability,One,Beyond Good and Evil,£15.94
Classics,instock availability,Four,The Secret Garden,£15.08
Classics,instock availability,One,The Metamorphosis,£15.08
Classics,instock availability,Two,The Pilgrim's Progress,£15.08
Classics,instock availability,Two,The Hound of the Baskervilles (Sherlock Holmes #5),£15.08
Classics,instock availability,Four,Little Women (Little Women #1),£15.08
Classics,instock availability,Three,Gone with the Wind,£15.08
Classics,instock availability,Three,Candide,£15.08
Classics,instock availability,Three,Animal Farm,£15.08
Classics,instock availability,Three,Wuthering Heights,£15.08
Classics,instock availability,Two,The Picture of Dorian Gray,£15.08
Classics,instock availability,Four,The Complete Stories and Poems (The Works of Edgar Allan Poe [Cameo Edition]),£15.08
Classics,instock availability,Two,Beowulf,£15.08
Classics,instock availability,Two,And Then There Were None,£15.08
Classics,instock availability,Four,The Story of Hong Gildong,£15.08
Classics,instock availability,Two,The Little Prince,£15.08
Classics,instock availability,One,Sense and Sensibility,£15.08
Classics,instock availability,Two,Of Mice and Men,£15.08
Classics,instock availability,Two,Emma,£15.08
Classics,instock availability,One,Alice in Wonderland (Alice's Adventures in Wonderland #1),£15.08
Sequential Art,instock availability,Five,Scott Pilgrim's Precious Little Life (Scott Pilgrim #1),£52.29
Sequential Art,instock availability,One,Tsubasa: WoRLD CHRoNiCLE 2 (Tsubasa WoRLD CHRoNiCLE #2),£52.29
Sequential Art,instock availability,Four,This One Summer,£52.29
Sequential Art,instock availability,Four,The Nameless City (The Nameless City #1),£52.29
Sequential Art,instock availability,Two,"Saga, Volume 5 (Saga (Collected Editions) #5)",£52.29
Sequential Art,instock availability,Three,"Rat Queens, Vol. 3: Demons (Rat Queens (Collected Editions) #11-15)",£52.29
Sequential Art,instock availability,Five,"Princess Jellyfish 2-in-1 Omnibus, Vol. 01 (Princess Jellyfish 2-in-1 Omnibus #1)",£52.29
Sequential Art,instock availability,One,"Pop Gun War, Volume 1: Gift",£52.29
Sequential Art,instock availability,Three,Patience,£52.29
Sequential Art,instock availability,Four,"Outcast, Vol. 1: A Darkness Surrounds Him (Outcast #1)",£52.29
Sequential Art,instock availability,One,orange: The Complete Collection 1 (orange: The Complete Collection #1),£52.29
Sequential Art,instock availability,Two,"Lumberjanes, Vol. 2: Friendship to the Max (Lumberjanes #5-8)",£52.29
Sequential Art,instock availability,Three,"Lumberjanes, Vol. 1: Beware the Kitten Holy (Lumberjanes #1-4)",£52.29
Sequential Art,instock availability,Two,Lumberjanes Vol. 3: A Terrible Plan (Lumberjanes #9-12),£52.29
Sequential Art,instock availability,Two,"I Hate Fairyland, Vol. 1: Madly Ever After (I Hate Fairyland (Compilations) #1-5)",£52.29
Sequential Art,instock availability,Three,I am a Hero Omnibus Volume 1,£52.29
Sequential Art,instock availability,Two,"Giant Days, Vol. 2 (Giant Days #5-8)",£52.29
Sequential Art,instock availability,Four,Danganronpa Volume 1,£52.29
Sequential Art,instock availability,Four,"Codename Baboushka, Volume 1: The Conclave of Death",£52.29
Sequential Art,instock availability,Four,Camp Midnight,£52.29
Historical Fiction,instock availability,One,Tipping the Velvet,£53.74
Historical Fiction,instock availability,Three,Forever and Forever: The Courtship of Henry Longfellow and Fanny Appleton,£53.74
Historical Fiction,instock availability,Five,A Flight of Arrows (The Pathfinders #2),£53.74
Historical Fiction,instock availability,One,The House by the Lake,£53.74
Historical Fiction,instock availability,Five,Mrs. Houdini,£53.74
Historical Fiction,instock availability,Four,The Marriage of Opposites,£53.74
Historical Fiction,instock availability,Three,Glory over Everything: Beyond The Kitchen House,£53.74
Historical Fiction,instock availability,Two,"Love, Lies and Spies",£53.74
Historical Fiction,instock availability,Four,A Paris Apartment,£53.74
Historical Fiction,instock availability,Two,Lilac Girls,£53.74
Historical Fiction,instock availability,Three,The Constant Princess (The Tudor Court #1),£53.74
Historical Fiction,instock availability,One,The Invention of Wings,£53.74
Historical Fiction,instock availability,Four,World Without End (The Pillars of the Earth #2),£53.74
Historical Fiction,instock availability,Five,The Passion of Dolssa,£53.74
Historical Fiction,instock availability,One,Girl With a Pearl Earring,£53.74
Historical Fiction,instock availability,Five,Voyager (Outlander #3),£53.74
Historical Fiction,instock availability,Five,The Red Tent,£53.74
Historical Fiction,instock availability,Two,The Last Painting of Sara de Vos,£53.74
Historical Fiction,instock availability,One,The Guernsey Literary and Potato Peel Pie Society,£53.74
Historical Fiction,instock availability,Two,Girl in the Blue Coat,£53.74
Mystery,instock availability,Four,Sharp Objects,£47.82
Mystery,instock availability,One,"In a Dark, Dark Wood",£47.82
Mystery,instock availability,Four,The Past Never Ends,£47.82
Mystery,instock availability,One,A Murder in Time,£47.82
Mystery,instock availability,Four,The Murder of Roger Ackroyd (Hercule Poirot #4),£47.82
Mystery,instock availability,Two,The Last Mile (Amos Decker #2),£47.82
Mystery,instock availability,One,That Darkness (Gardiner and Renner #1),£47.82
Mystery,instock availability,One,Tastes Like Fear (DI Marnie Rome #3),£47.82
Mystery,instock availability,Five,A Time of Torment (Charlie Parker #14),£47.82
Mystery,instock availability,Two,A Study in Scarlet (Sherlock Holmes #1),£47.82
Mystery,instock availability,Three,Poisonous (Max Revere Novels #3),£47.82
Mystery,instock availability,Four,Murder at the 42nd Street Library (Raymond Ambler #1),£47.82
Mystery,instock availability,Three,Most Wanted,£47.82
Mystery,instock availability,One,Hide Away (Eve Duncan #20),£47.82
Mystery,instock availability,Three,Boar Island (Anna Pigeon #19),£47.82
Mystery,instock availability,Two,The Widow,£47.82
Mystery,instock availability,Three,Playing with Fire,£47.82
Mystery,instock availability,Five,What Happened on Beale Street (Secrets of the South Mysteries #2),£47.82
Mystery,instock availability,Five,The Bachelor Girl's Guide to Murder (Herringford and Watts Mysteries #1),£47.82
Mystery,instock availability,Four,Delivering the Truth (Quaker Midwife Mystery #1),£47.82
Travel,instock availability,Two,It's Only the Himalayas,£45.17
Travel,instock availability,Four,Full Moon over Noah’s Ark: An Odyssey to Mount Ararat and Beyond,£45.17
Travel,instock availability,Three,See America: A Celebration of Our National Parks & Treasured Sites,£45.17
Travel,instock availability,Two,Vagabonding: An Uncommon Guide to the Art of Long-Term World Travel,£45.17
Travel,instock availability,Three,Under the Tuscan Sun,£45.17
Travel,instock availability,Two,A Summer In Europe,£45.17
Travel,instock availability,One,The Great Railway Bazaar,£45.17
Travel,instock availability,Four,A Year in Provence (Provence #1),£45.17
Travel,instock availability,One,The Road to Little Dribbling: Adventures of an American in Britain (Notes From a Small Island #2),£45.17
Travel,instock availability,Three,Neither Here nor There: Travels in Europe,£45.17
Travel,instock availability,Five,"1,000 Places to See Before You Die",£45.17
Self Help,instock availability,One,Online Marketing for Busy Authors: A Step-By-Step Guide,£46.35
Self Help,instock availability,One,How to Be Miserable: 40 Strategies You Already Use,£46.35
Self Help,instock availability,Three,"Overload: How to Unplug, Unwind, and Unleash Yourself from the Pressure of Stress",£46.35
Self Help,instock availability,Three,You Are a Badass: How to Stop Doubting Your Greatness and Start Living an Awesome Life,£46.35
Self Help,instock availability,Five,How to Stop Worrying and Start Living,£46.35
Academic,instock availability,Two,Logan Kade (Fallen Crest High #5.5),£13.12
Spirituality,instock availability,Five,The Four Agreements: A Practical Guide to Personal Freedom,£17.66
Spirituality,instock availability,Five,The Activist's Tao Te Ching: Ancient Advice for a Modern Revolution,£17.66
Spirituality,instock availability,Two,Chasing Heaven: What Dying Taught Me About Living,£17.66
Spirituality,instock availability,One,If I Gave You God's Phone Number....: Searching for Spirituality in America,£17.66
Spirituality,instock availability,Two,Unreasonable Hope: Finding Faith in the God Who Brings Purpose to Your Pain,£17.66
Spirituality,instock availability,Five,A New Earth: Awakening to Your Life's Purpose,£17.66
Contemporary,instock availability,One,When We Collided,£31.77
Contemporary,instock availability,Five,Someone Like You (The Harrisons #2),£31.77
Contemporary,instock availability,One,We Are All Completely Beside Ourselves,£31.77
Thriller,instock availability,One,In Her Wake,£12.84
Thriller,instock availability,Five,The Elephant Tree,£12.84
Thriller,instock availability,Four,Behind Closed Doors,£12.84
Thriller,instock availability,Five,You (You #1),£12.84
Thriller,instock availability,Two,The Guilty (Will Robie #4),£12.84
Thriller,instock availability,One,The 14th Colony (Cotton Malone #11),£12.84
Thriller,instock availability,Two,Give It Back,£12.84
Thriller,instock availability,Four,Killing Floor (Jack Reacher #1),£12.84
Thriller,instock availability,Three,The Bone Hunters (Lexy Vaughan & Steven Macaulay #2),£12.84
Thriller,instock availability,Two,Far From True (Promise Falls Trilogy #2),£12.84
Thriller,instock availability,One,The Travelers,£12.84
Biography,instock availability,Two,Louisa: The Extraordinary Life of Mrs. Adams,£16.85
Biography,instock availability,Two,"Setting the World on Fire: The Brief, Astonishing Life of St. Catherine of Siena",£16.85
Biography,instock availability,One,The Faith of Christopher Hitchens: The Restless Soul of the World's Most Notorious Atheist,£16.85
Biography,instock availability,Three,Benjamin Franklin: An American Life,£16.85
Biography,instock availability,Three,The Rise of Theodore Roosevelt (Theodore Roosevelt #1),£16.85
Crime,instock availability,One,The Long Shadow of Small Ghosts: Murder and Memory in an American City,£10.97
Childrens,instock availability,Two,The Cat in the Hat (Beginner Books B-1),£16.26
Childrens,instock availability,Three,Red: The True Story of Red Riding Hood,£16.26
Childrens,instock availability,Two,Horrible Bear!,£16.26
Childrens,instock availability,Four,Green Eggs and Ham (Beginner Books B-16),£16.26
Childrens,instock availability,One,Counting Thyme,£16.26
Childrens,instock availability,Three,Are We There Yet?,£16.26
Childrens,instock availability,Four,Diary of a Minecraft Zombie Book 1: A Scare of a Dare (An Unofficial Minecraft Book),£16.26
Childrens,instock availability,One,Matilda,£16.26
Childrens,instock availability,Three,Charlie and the Chocolate Factory (Charlie Bucket #1),£16.26
Fiction,instock availability,Four,Eight Hundred Grapes,£14.39
Fiction,instock availability,Five,Dear Mr. Knightley,£14.39
Fiction,instock availability,Three,Cometh the Hour (The Clifton Chronicles #6),£14.39
Fiction,instock availability,Three,Balloon Animals,£14.39
Fiction,instock availability,One,A Man Called Ove,£14.39
Fiction,instock availability,Five,The Silent Sister (Riley MacPherson #1),£14.39
Fiction,instock availability,Two,The Dinner Party,£14.39
Fiction,instock availability,One,The Improbability of Love,£14.39
Fiction,instock availability,Two,Mothering Sunday,£14.39
Fiction,instock availability,One,Lies and Other Acts of Love,£14.39
Fiction,instock availability,Three,Daredevils,£14.39
Fiction,instock availability,Three,11/22/63,£14.39
Fiction,instock availability,One,The Shack,£14.39
Fiction,instock availability,One,The High Mountains of Portugal,£14.39
Fiction,instock availability,Two,Miller's Valley,£14.39
Fiction,instock availability,Four,Hystopia: A Novel,£14.39
Fiction,instock availability,Four,The Bourne Identity (Jason Bourne #1),£14.39
Fiction,instock availability,Four,Sister Dear,£14.39
Fiction,instock availability,Three,Memoirs of a Geisha,£14.39
Fiction,instock availability,One,Me Before You (Me Before You #1),£14.39
Erotica,instock availability,Five,Dark Notes,£19.19
Romance,instock availability,One,A Walk to Remember,£56.43
Romance,instock availability,One,The Purest Hook (Second Circle Tattoos #3),£56.43
Romance,instock availability,One,The Obsession,£56.43
Romance,instock availability,Three,Reservations for Two,£56.43
Romance,instock availability,Two,Best of My Love (Fool's Gold #20),£56.43
Romance,instock availability,Three,Where Lightning Strikes (Bleeding Stars #3),£56.43
Romance,instock availability,One,This One Moment (Pushing Limits #1),£56.43
Romance,instock availability,Two,"Rhythm, Chord & Malykhin",£56.43
Romance,instock availability,Two,My Perfect Mistake (Over the Top #1),£56.43
Romance,instock availability,Three,Listen to Me (Fusion #1),£56.43
Romance,instock availability,Four,Imperfect Harmony,£56.43
Romance,instock availability,Three,Fighting Fate (Fighting #6),£56.43
Romance,instock availability,Five,Deep Under (Walker Security #1),£56.43
Romance,instock availability,One,Charity's Cross (Charles Towne Belles #4),£56.43
Romance,instock availability,Four,Bounty (Colorado Mountain #7),£56.43
Cultural,instock availability,One,Amid the Chaos,£36.58
Politics,instock availability,Two,Libertarianism for Beginners,£51.33
Politics,instock availability,Four,Why the Right Went Wrong: Conservatism--From Goldwater to the Tea Party and Beyond,£51.33
Politics,instock availability,One,Equal Is Unfair: America's Misguided Fight Against Income Inequality,£51.33
Sequential Art,instock availability,Two,"Bitch Planet, Vol. 1: Extraordinary Machine (Bitch Planet (Collected Editions))",£37.92
Sequential Art,instock availability,One,The Shadow Hero (The Shadow Hero),£37.92
Sequential Art,instock availability,Four,"Fables, Vol. 1: Legends in Exile (Fables #1)",£37.92
Sequential Art,instock availability,Two,Batman: The Long Halloween (Batman),£37.92
Sequential Art,instock availability,Five,Batman: The Dark Knight Returns (Batman),£37.92
Sequential Art,instock availability,Four,"Wonder Woman: Earth One, Volume One (Wonder Woman: Earth One #1)",£37.92
Sequential Art,instock availability,One,"We Are Robin, Vol. 1: The Vigilante Business (We Are Robin #1)",£37.92
Sequential Art,instock availability,Two,Through the Woods,£37.92
Sequential Art,instock availability,Five,Superman Vol. 1: Before Truth (Superman by Gene Luen Yang #1),£37.92
Sequential Art,instock availability,Four,"So Cute It Hurts!!, Vol. 6 (So Cute It Hurts!! #6)",£37.92
Sequential Art,instock availability,Three,Robin War,£37.92
Sequential Art,instock availability,Two,"Red Hood/Arsenal, Vol. 1: Open for Business (Red Hood/Arsenal #1)",£37.92
Sequential Art,instock availability,Two,"Naruto (3-in-1 Edition), Vol. 14: Includes Vols. 40, 41 & 42 (Naruto: Omnibus #14)",£37.92
Sequential Art,instock availability,Two,Lowriders to the Center of the Earth (Lowriders in Space #2),£37.92
Sequential Art,instock availability,Five,El Deafo,£37.92
Sequential Art,instock availability,Two,Batman: Europa,£37.92
Sequential Art,instock availability,Three,Art Ops Vol. 1,£37.92
Sequential Art,instock availability,Two,"Adulthood Is a Myth: A ""Sarah's Scribbles"" Collection",£37.92
Sequential Art,instock availability,Four,"Fruits Basket, Vol. 9 (Fruits Basket #9)",£37.92
Sequential Art,instock availability,Five,Roller Girl,£37.92
Historical Fiction,instock availability,Five,Between Shades of Gray,£20.79
Historical Fiction,instock availability,Five,While You Were Mine,£20.79
Historical Fiction,instock availability,Three,The Secret Healer,£20.79
Historical Fiction,instock availability,Three,Starlark,£20.79
Historical Fiction,instock availability,Four,Lost Among the Living,£20.79
Historical Fiction,instock availability,Five,A Spy's Devotion (The Regency Spies of London #1),£20.79
Mystery,instock availability,Four,The Mysterious Affair at Styles (Hercule Poirot #1),£24.80
Mystery,instock availability,Two,In the Woods (Dublin Murder Squad #1),£24.80
Mystery,instock availability,Five,The Silkworm (Cormoran Strike #2),£24.80
Mystery,instock availability,Three,The Exiled,£24.80
Mystery,instock availability,One,The Cuckoo's Calling (Cormoran Strike #1),£24.80
Mystery,instock availability,Three,Extreme Prey (Lucas Davenport #26),£24.80
Mystery,instock availability,Two,Career of Evil (Cormoran Strike #3),£24.80
Mystery,instock availability,Four,The No. 1 Ladies' Detective Agency (No. 1 Ladies' Detective Agency #1),£24.80
Mystery,instock availability,Five,The Girl You Lost,£24.80
Mystery,instock availability,Three,The Girl In The Ice (DCI Erika Foster #1),£24.80
Mystery,instock availability,Three,Blood Defense (Samantha Brinkman #1),£24.80
Mystery,instock availability,One,1st to Die (Women's Murder Club #1),£24.80
Health,instock availability,Three,"The Bulletproof Diet: Lose up to a Pound a Day, Reclaim Energy and Focus, Upgrade Your Life",£49.05
Health,instock availability,Two,"Eat Fat, Get Thin",£49.05
Health,instock availability,Five,10-Day Green Smoothie Cleanse: Lose Up to 15 Pounds in 10 Days!,£49.05
Health,instock availability,Five,The Art and Science of Low Carbohydrate Living,£49.05
Novels,instock availability,Five,Suzie Snowflake: One beautiful flake (a self-esteem story),£54.81
Short Stories,instock availability,One,The Grownup,£35.88
Suspense,instock availability,Three,Silence in the Dark (Logan Point #4),£58.33
Christian,instock availability,Five,(Un)Qualified: How God Uses Broken People to Do Big Things,£54.00
Christian,instock availability,Two,Crazy Love: Overwhelmed by a Relentless God,£54.00
Christian,instock availability,One,Blue Like Jazz: Nonreligious Thoughts on Christian Spirituality,£54.00
Historical,instock availability,Five,All the Light We Cannot See,£29.87
Historical,instock availability,One,The Girl You Left Behind (The Girl You Left Behind #1),£29.87
Business,instock availability,Four,The Dirty Little Secrets of Getting Your Dream Job,£33.34
Business,instock availability,Five,The Third Wave: An Entrepreneur’s Vision of the Future,£33.34
Business,instock availability,Three,The 10% Entrepreneur: Live Your Startup Dream Without Quitting Your Day Job,£33.34
Business,instock availability,Two,Shoe Dog: A Memoir by the Creator of NIKE,£33.34
Business,instock availability,Five,Made to Stick: Why Some Ideas Survive and Others Die,£33.34
Business,instock availability,One,Quench Your Own Thirst: Business Lessons Learned Over a Beer or Two,£33.34
Business,instock availability,Three,The Art of Startup Fundraising,£33.34
Business,instock availability,Five,Born for This: How to Find the Work You Were Meant to Do,£33.34
Business,instock availability,One,The E-Myth Revisited: Why Most Small Businesses Don't Work and What to Do About It,£33.34
Business,instock availability,One,"Rich Dad, Poor Dad",£33.34
Business,instock availability,Three,The Lean Startup: How Today's Entrepreneurs Use Continuous Innovation to Create Radically Successful Businesses,£33.34
Business,instock availability,Two,Rework,£33.34
Christian Fiction,instock availability,Five,Redeeming Love,£20.47
Christian Fiction,instock availability,Four,Close to You,£20.47
Christian Fiction,instock availability,Five,Shadows of the Past (Logan Point #1),£20.47
Christian Fiction,instock availability,Two,Like Never Before (Walker Family #2),£20.47
Christian Fiction,instock availability,Five,Counted With the Stars (Out from Egypt #1),£20.47
Christian Fiction,instock availability,Four,If I Run (If I Run #1),£20.47
Food and Drink,instock availability,Three,"Foolproof Preserving: A Guide to Small Batch Jams, Jellies, Pickles, Condiments, and More: A Foolproof Guide to Making Small Batch Jams, Jellies, Pickles, Condiments, and More",£30.52
Food and Drink,instock availability,One,"The Pioneer Woman Cooks: Dinnertime: Comfort Classics, Freezer Food, 16-Minute Meals, and Other Delicious Ways to Solve Supper!",£30.52
Food and Drink,instock availability,Two,My Paris Kitchen: Recipes and Stories,£30.52
Food and Drink,instock availability,Four,"Mama Tried: Traditional Italian Cooking for the Screwed, Crude, Vegan, and Tattooed",£30.52
Food and Drink,instock availability,One,"Layered: Baking, Building, and Styling Spectacular Cakes",£30.52
Food and Drink,instock availability,Five,The Nerdy Nummies Cookbook: Sweet Treats for the Geek in All of Us,£30.52
Food and Drink,instock availability,Two,The Love and Lemons Cookbook: An Apple-to-Zucchini Celebration of Impromptu Cooking,£30.52
Food and Drink,instock availability,One,The Cookies & Cups Cookbook: 125+ sweet & savory recipes reminding you to Always Eat Dessert First,£30.52
Food and Drink,instock availability,Three,"Deliciously Ella Every Day: Quick and Easy Recipes for Gluten-Free Snacks, Packed Lunches, and Simple Meals",£30.52
Food and Drink,instock availability,Three,The Help Yourself Cookbook for Kids: 60 Easy Plant-Based Recipes Kids Can Make to Stay Healthy and Save the Earth,£30.52
Food and Drink,instock availability,One,"It's All Easy: Healthy, Delicious Weeknight Meals in under 30 Minutes",£30.52
Food and Drink,instock availability,One,Barefoot Contessa Back to Basics,£30.52
Food and Drink,instock availability,Five,Barefoot Contessa at Home: Everyday Recipes You'll Make Over and Over Again,£30.52
Food and Drink,instock availability,Two,My Kitchen Year: 136 Recipes That Saved My Life,£30.52
Food and Drink,instock availability,Five,Everyday Italian: 125 Simple and Delicious Recipes,£30.52
Food and Drink,instock availability,One,"A la Mode: 120 Recipes in 60 Pairings: Pies, Tarts, Cakes, Crisps, and More Topped with Ice Cream, Gelato, Frozen Custard, and More",£30.52
Food and Drink,instock availability,Three,Cravings: Recipes for What You Want to Eat,£30.52
Food and Drink,instock availability,Four,"The Moosewood Cookbook: Recipes from Moosewood Restaurant, Ithaca, New York",£30.52
Food and Drink,instock availability,Two,32 Yolks,£30.52
Food and Drink,instock availability,Five,"Naturally Lean: 125 Nourishing Gluten-Free, Plant-Based Recipes--All Under 300 Calories",£30.52
Fiction,instock availability,Four,Deception Point,£40.32
Fiction,instock availability,Three,The Little Paris Bookshop,£40.32
Fiction,instock availability,Three,The Firm,£40.32
Fiction,instock availability,Two,The Expatriates,£40.32
Fiction,instock availability,Five,Siddhartha,£40.32
Fiction,instock availability,Three,Last One Home (New Beginnings #1),£40.32
Fiction,instock availability,Five,Digital Fortress,£40.32
Fiction,instock availability,Five,Atlas Shrugged,£40.32
Fiction,instock availability,Three,Three-Martini Lunch,£40.32
Fiction,instock availability,Four,The Nightingale,£40.32
Fiction,instock availability,One,The Infinities,£40.32
Fiction,instock availability,Five,The Husband's Secret,£40.32
Fiction,instock availability,Two,The Da Vinci Code (Robert Langdon #2),£40.32
Fiction,instock availability,One,The Art of Fielding,£40.32
Fiction,instock availability,Three,Lila (Gilead #3),£40.32
Fiction,instock availability,One,Jurassic Park (Jurassic Park #1),£40.32
Fiction,instock availability,Five,Inferno (Robert Langdon #4),£40.32
Fiction,instock availability,Five,Crazy Rich Asians (Crazy Rich Asians #1),£40.32
Fiction,instock availability,One,Big Little Lies,£40.32
Fiction,instock availability,Three,The Course of Love,£40.32
History,instock availability,Five,Sapiens: A Brief History of Humankind,£54.23
History,instock availability,One,"Unbound: How Eight Technologies Made Us Human, Transformed Society, and Brought Our World to the Brink",£54.23
History,instock availability,One,The Age of Genius: The Seventeenth Century and the Birth of the Modern Mind,£54.23
History,instock availability,Two,"Political Suicide: Missteps, Peccadilloes, Bad Calls, Backroom Hijinx, Sordid Pasts, Rotten Breaks, and Just Plain Dumb Mistakes in the Annals of American Politics",£54.23
History,instock availability,One,Thomas Jefferson and the Tripoli Pirates: The Forgotten War That Changed American History,£54.23
History,instock availability,Three,Zealot: The Life and Times of Jesus of Nazareth,£54.23
History,instock availability,Three,A Distant Mirror: The Calamitous 14th Century,£54.23
History,instock availability,Three,1491: New Revelations of the Americas Before Columbus,£54.23
History,instock availability,Three,Brilliant Beacons: A History of the American Lighthouse,£54.23
History,instock availability,Five,"""Most Blessed of the Patriarchs"": Thomas Jefferson and the Empire of the Imagination",£54.23
History,instock availability,Five,A Short History of Nearly Everything,£54.23
History,instock availability,Two,The Rise and Fall of the Third Reich: A History of Nazi Germany,£54.23
History,instock availability,Four,Catherine the Great: Portrait of a Woman,£54.23
History,instock availability,Five,The Mathews Men: Seven Brothers and the War Against Hitler's U-boats,£54.23
History,instock availability,Four,The Hiding Place,£54.23
History,instock availability,Two,America's War for the Greater Middle East: A Military History,£54.23
History,instock availability,Two,The Guns of August,£54.23
History,instock availability,Two,"House of Lost Worlds: Dinosaurs, Dynasties, and the Story of Life on Earth",£54.23
Horror,instock availability,Two,Security,£39.25
Horror,instock availability,One,Follow You Home,£39.25
Horror,instock availability,One,The Loney,£39.25
Horror,instock availability,Three,Pet Sematary,£39.25
Horror,instock availability,Two,Doctor Sleep (The Shining #2),£39.25
Horror,instock availability,Five,Psycho: Sanitarium (Psycho #1.5),£39.25
Horror,instock availability,One,Can You Keep a Secret? (Fear Street Relaunch #4),£39.25
Horror,instock availability,Three,Red Dragon (Hannibal Lecter #1),£39.25
Horror,instock availability,Five,Dracula the Un-Dead,£39.25
Horror,instock availability,Four,Night Shift (Night Shift #1-20),£39.25
Horror,instock availability,Four,Needful Things,£39.25
Horror,instock availability,Two,Misery,£39.25
Horror,instock availability,Three,It,£39.25
Horror,instock availability,Four,'Salem's Lot,£39.25
Horror,instock availability,Two,The Stand,£39.25
Horror,instock availability,Three,The Girl with All the Gifts,£39.25
Horror,instock availability,One,House of Leaves,£39.25
Humor,instock availability,One,The Long Haul (Diary of a Wimpy Kid #9),£44.07
Humor,instock availability,Five,Old School (Diary of a Wimpy Kid #10),£44.07
Humor,instock availability,Four,I Know What I'm Doing -- and Other Lies I Tell Myself: Dispatches from a Life Under Construction,£44.07
Humor,instock availability,Five,"Hyperbole and a Half: Unfortunate Situations, Flawed Coping Mechanisms, Mayhem, and Other Things That Happened",£44.07
Humor,instock availability,Three,Dress Your Family in Corduroy and Denim,£44.07
Humor,instock availability,One,Toddlers Are A**holes: It's Not Your Fault,£44.07
Humor,instock availability,Five,When You Are Engulfed in Flames,£44.07
Humor,instock availability,Three,Naked,£44.07
Humor,instock availability,Five,"Lamb: The Gospel According to Biff, Christ's Childhood Pal",£44.07
Humor,instock availability,Two,Holidays on Ice,£44.07
Adult Fiction,instock availability,Five,Fifty Shades Freed (Fifty Shades #3),£15.36
Sequential Art,instock availability,One,"Fruits Basket, Vol. 7 (Fruits Basket #7)",£19.57
Sequential Art,instock availability,Four,"Fruits Basket, Vol. 6 (Fruits Basket #6)",£19.57
Sequential Art,instock availability,Three,"Death Note, Vol. 6: Give-and-Take (Death Note #6)",£19.57
Sequential Art,instock availability,One,"Fruits Basket, Vol. 5 (Fruits Basket #5)",£19.57
Sequential Art,instock availability,One,"Death Note, Vol. 5: Whiteout (Death Note #5)",£19.57
Sequential Art,instock availability,Two,"The Demon Prince of Momochi House, Vol. 4 (The Demon Prince of Momochi House #4)",£19.57
Sequential Art,instock availability,Four,"Fruits Basket, Vol. 4 (Fruits Basket #4)",£19.57
Sequential Art,instock availability,Three,"The Wicked + The Divine, Vol. 3: Commercial Suicide (The Wicked + The Divine)",£19.57
Sequential Art,instock availability,Five,"The Sandman, Vol. 3: Dream Country (The Sandman (volumes) #3)",£19.57
Sequential Art,instock availability,Five,"Saga, Volume 3 (Saga (Collected Editions) #3)",£19.57
Sequential Art,instock availability,Three,Prodigy: The Graphic Novel (Legend: The Graphic Novel #2),£19.57
Sequential Art,instock availability,One,Persepolis: The Story of a Childhood (Persepolis #1-2),£19.57
Sequential Art,instock availability,Three,Original Fake,£19.57
Sequential Art,instock availability,One,"Grayson, Vol 3: Nemesis (Grayson #3)",£19.57
Sequential Art,instock availability,Two,"Fruits Basket, Vol. 3 (Fruits Basket #3)",£19.57
Sequential Art,instock availability,One,"Black Butler, Vol. 1 (Black Butler #1)",£19.57
Sequential Art,instock availability,Two,Awkward,£19.57
Sequential Art,instock availability,One,"The Sandman, Vol. 2: The Doll's House (The Sandman (volumes) #2)",£19.57
Sequential Art,instock availability,Three,"Saga, Volume 2 (Saga (Collected Editions) #2)",£19.57
Sequential Art,instock availability,Five,"Fruits Basket, Vol. 2 (Fruits Basket #2)",£19.57
Parenting,instock availability,Two,Catastrophic Happiness: Finding Joy in Childhood's Messy Years,£37.35
Autobiography,instock availability,Two,The Argonauts,£10.93
Autobiography,instock availability,One,M Train,£10.93
Autobiography,instock availability,One,Lab Girl,£10.93
Autobiography,instock availability,Five,Approval Junkie: Adventures in Caring Too Much,£10.93
Autobiography,instock availability,Four,Running with Scissors,£10.93
Autobiography,instock availability,Two,Me Talk Pretty One Day,£10.93
Autobiography,instock availability,Two,Lust & Wonder,£10.93
Autobiography,instock availability,Five,Life Without a Recipe,£10.93
Autobiography,instock availability,Five,A Heartbreaking Work of Staggering Genius,£10.93
Psychology,instock availability,One,The Lucifer Effect: Understanding How Good People Turn Evil,£10.40
Psychology,instock availability,One,The Golden Condom: And Other Essays on Love Lost and Found,£10.40
Psychology,instock availability,Three,It Didn't Start with You: How Inherited Family Trauma Shapes Who We Are and How to End the Cycle,£10.40
Psychology,instock availability,Three,An Unquiet Mind: A Memoir of Moods and Madness,£10.40
Psychology,instock availability,One,"Thinking, Fast and Slow",£10.40
Psychology,instock availability,Two,Civilization and Its Discontents,£10.40
Psychology,instock availability,One,8 Keys to Mental Health Through Exercise,£10.40
Art,instock availability,Four,Wall and Piece,£44.18
Art,instock availability,Three,Feathers: Displays of Brilliant Plumage,£44.18
Art,instock availability,Four,Art and Fear: Observations on the Perils (and Rewards) of Artmaking,£44.18
Art,instock availability,Three,The New Drawing on the Right Side of the Brain,£44.18
Art,instock availability,Four,History of Beauty,£44.18
Art,instock availability,Four,The Story of Art,£44.18
Art,instock availability,Two,The Art Book,£44.18
Art,instock availability,Five,Ways of Seeing,£44.18
Paranormal,instock availability,One,"Vampire Knight, Vol. 1 (Vampire Knight #1)",£15.40
Poetry,instock availability,Three,A Light in the Attic,£51.77
Poetry,instock availability,One,The Black Maria,£51.77
Poetry,instock availability,Four,Shakespeare's Sonnets,£51.77
Poetry,instock availability,One,Olio,£51.77
Poetry,instock availability,Two,You can't bury them all: Poems,£51.77
Poetry,instock availability,Three,Slow States of Collapse: Poems,£51.77
Poetry,instock availability,Four,Untitled Collection: Sabbath Poems 2014,£51.77
Poetry,instock availability,Four,Poems That Make Grown Women Cry,£51.77
Poetry,instock availability,One,Night Sky with Exit Wounds,£51.77
Poetry,instock availability,Four,salt.,£51.77
Poetry,instock availability,Five,"Quarter Life Poetry: Poems for the Young, Broke and Hangry",£51.77
Poetry,instock availability,Five,Out of Print: City Lights Spotlight No. 14,£51.77
Poetry,instock availability,Five,Les Fleurs du Mal,£51.77
Poetry,instock availability,Two,Howl and Other Poems,£51.77
Poetry,instock availability,Five,Leave This Song Behind: Teen Poetry at Its Best,£51.77
Poetry,instock availability,Five,The Collected Poems of W.B. Yeats (The Collected Works of W.B. Yeats #1),£51.77
Poetry,instock availability,Four,The Crossover,£51.77
Poetry,instock availability,Five,Booked,£51.77
Poetry,instock availability,Four,Twenty Love Poems and a Song of Despair,£51.77
Science,instock availability,Four,The Most Perfect Thing: Inside (and Outside) a Bird's Egg,£42.96
Science,instock availability,Five,Immunity: How Elie Metchnikoff Changed the Course of Modern Medicine,£42.96
Science,instock availability,Four,Sorting the Beef from the Bull: The Science of Food Fraud Forensics,£42.96
Science,instock availability,One,Tipping Point for Planet Earth: How Close Are We to the Edge?,£42.96
Science,instock availability,One,"The Fabric of the Cosmos: Space, Time, and the Texture of Reality",£42.96
Science,instock availability,One,Diary of a Citizen Scientist: Chasing Tiger Beetles and Other New Ways of Engaging the World,£42.96
Science,instock availability,Four,The Origin of Species,£42.96
Science,instock availability,Three,The Grand Design,£42.96
Science,instock availability,Two,Peak: Secrets from the New Science of Expertise,£42.96
Science,instock availability,Four,"The Elegant Universe: Superstrings, Hidden Dimensions, and the Quest for the Ultimate Theory",£42.96
Science,instock availability,Five,"The Disappearing Spoon: And Other True Tales of Madness, Love, and the History of the World from the Periodic Table of the Elements",£42.96
Science,instock availability,Two,"Surely You're Joking, Mr. Feynman!: Adventures of a Curious Character",£42.96
Science,instock availability,Four,Seven Brief Lessons on Physics,£42.96
Science,instock availability,One,The Selfish Gene,£42.96
Young Adult,instock availability,One,The Requiem Red,£22.65
Young Adult,instock availability,Five,Set Me Free,£22.65
Young Adult,instock availability,Three,The Natural History of Us (The Fine Art of Pretending #2),£22.65
Young Adult,instock availability,Two,Obsidian (Lux #1),£22.65
Young Adult,instock availability,Three,Burning,£22.65
Young Adult,instock availability,Four,A Fierce and Subtle Poison,£22.65
Young Adult,instock availability,Five,Scarlett Epstein Hates It Here,£22.65
Young Adult,instock availability,One,"Nightingale, Sing",£22.65
Young Adult,instock availability,Five,Library of Souls (Miss Peregrine’s Peculiar Children #3),£22.65
Young Adult,instock availability,Five,Frostbite (Vampire Academy #2),£22.65
Young Adult,instock availability,Two,Wild Swans,£22.65
Young Adult,instock availability,Two,Until Friday Night (The Field Party #1),£22.65
Young Adult,instock availability,Two,This Is Where It Ends,£22.65
Young Adult,instock availability,Five,The Darkest Lie,£22.65
Young Adult,instock availability,One,My Kind of Crazy,£22.65
Young Adult,instock availability,One,Don't Get Caught,£22.65
Young Adult,instock availability,Three,Catching Jordan (Hundred Oaks),£22.65
Young Adult,instock availability,Four,Aristotle and Dante Discover the Secrets of the Universe (Aristotle and Dante Discover the Secrets of the Universe #1),£22.65
Young Adult,instock availability,Five,The Epidemic (The Program 0.6),£22.65
Young Adult,instock availability,Two,Stars Above (The Lunar Chronicles #4.5),£22.65
New Adult,instock availability,Two,Without Borders (Wanderlove #1),£45.07
New Adult,instock availability,Three,The Mistake (Off-Campus #2),£45.07
New Adult,instock availability,One,The Matchmaker's Playbook (Wingmen Inc. #1),£45.07
New Adult,instock availability,Five,The Hook Up (Game On #1),£45.07
New Adult,instock availability,Three,Shameless,£45.07
New Adult,instock availability,Five,Off Sides (Off #1),£45.07
Fantasy,instock availability,Three,Unicorn Tracks,£18.78
Fantasy,instock availability,Three,"Saga, Volume 6 (Saga (Collected Editions) #6)",£18.78
Fantasy,instock availability,Five,Princess Between Worlds (Wide-Awake Princess #5),£18.78
Fantasy,instock availability,Two,Masks and Shadows,£18.78
Fantasy,instock availability,Three,Crown of Midnight (Throne of Glass #2),£18.78
Fantasy,instock availability,Two,"Avatar: The Last Airbender: Smoke and Shadow, Part 3 (Smoke and Shadow #3)",£18.78
Fantasy,instock availability,One,A Court of Thorns and Roses (A Court of Thorns and Roses #1),£18.78
Fantasy,instock availability,Three,Throne of Glass (Throne of Glass #1),£18.78
Fantasy,instock availability,One,The Glittering Court (The Glittering Court #1),£18.78
Fantasy,instock availability,One,Hollow City (Miss Peregrine’s Peculiar Children #2),£18.78
Fantasy,instock availability,Five,The Star-Touched Queen,£18.78
Fantasy,instock availability,Two,The Hidden Oracle (The Trials of Apollo #1),£18.78
Fantasy,instock availability,Four,The Bane Chronicles (The Bane Chronicles #1-11),£18.78
Fantasy,instock availability,One,Island of Dragons (Unwanteds #7),£18.78
Fantasy,instock availability,Five,Demigods & Magicians: Percy and Annabeth Meet the Kanes (Percy Jackson & Kane Chronicles Crossover #1-3),£18.78
Fantasy,instock availability,Four,City of Glass (The Mortal Instruments #3),£18.78
Fantasy,instock availability,One,Searching for Meaning in Gailana,£18.78
Fantasy,instock availability,Five,The Star-Touched Queen,£18.78
Fantasy,instock availability,Three,A Shard of Ice (The Black Symphony Saga #1),£18.78
Fantasy,instock availability,Five,King's Folly (The Kinsman Chronicles #1),£18.78
Food and Drink,instock availability,Four,How to Cook Everything Vegetarian: Simple Meatless Recipes for Great Food (How to Cook Everything),£46.01
Food and Drink,instock availability,Two,How to Be a Domestic Goddess: Baking and the Art of Comfort Cooking,£46.01
Food and Drink,instock availability,Five,The Barefoot Contessa Cookbook,£46.01
Food and Drink,instock availability,Three,Better Homes and Gardens New Cook Book,£46.01
Food and Drink,instock availability,Five,The Power Greens Cookbook: 140 Delicious Superfood Recipes,£46.01
Food and Drink,instock availability,Five,Mexican Today: New and Rediscovered Recipes for Contemporary Kitchens,£46.01
Food and Drink,instock availability,Two,Vegan Vegetarian Omnivore: Dinner for Everyone at the Table,£46.01
Food and Drink,instock availability,One,The Smitten Kitchen Cookbook,£46.01
Food and Drink,instock availability,Three,"The Art of Simple Food: Notes, Lessons, and Recipes from a Delicious Revolution",£46.01
Food and Drink,instock availability,Three,Hungry Girl Clean & Hungry: Easy All-Natural Recipes for Healthy Eating in the Real World,£46.01
Fiction,instock availability,Three,When I'm Gone,£51.96
Fiction,instock availability,Five,The Silent Wife,£51.96
Fiction,instock availability,Three,The Bette Davis Club,£51.96
Fiction,instock availability,Five,Kitchens of the Great Midwest,£51.96
Fiction,instock availability,Five,Bright Lines,£51.96
Add a comment,instock availability,One,The Torch Is Passed: A Harding Family Story,£19.09
Add a comment,instock availability,Four,"The Mindfulness and Acceptance Workbook for Anxiety: A Guide to Breaking Free from Anxiety, Phobias, and Worry Using Acceptance and Commitment Therapy",£19.09
Add a comment,instock availability,Three,The Art Forger,£19.09
Add a comment,instock availability,Three,On a Midnight Clear,£19.09
Add a comment,instock availability,Two,Judo: Seven Steps to Black Belt (an Introductory Guide for Beginners),£19.09
Add a comment,instock availability,Three,"Shobu Samurai, Project Aryoku (#3)",£19.09
Add a comment,instock availability,Five,Modern Romance,£19.09
Add a comment,instock availability,Five,The White Queen (The Cousins' War #1),£19.09
Add a comment,instock availability,Five,The Song of Achilles,£19.09
Add a comment,instock availability,Two,The Immortal Life of Henrietta Lacks,£19.09
Add a comment,instock availability,One,The Dovekeepers,£19.09
Add a comment,instock availability,Two,More Than Music (Chasing the Dream #1),£19.09
Add a comment,instock availability,Four,Code Name Verity (Code Name Verity #1),£19.09
Add a comment,instock availability,Four,Cell,£19.09
Add a comment,instock availability,Two,Angels Walking (Angels Walking #1),£19.09
Add a comment,instock availability,Two,"A Series of Catastrophes and Miracles: A True Story of Love, Science, and Cancer",£19.09
Add a comment,instock availability,Two,A People's History of the United States,£19.09
Add a comment,instock availability,One,A Brush of Wings (Angels Walking #3),£19.09
Add a comment,instock availability,Four,Rook,£19.09
Add a comment,instock availability,One,The Midnight Watch: A Novel of the Titanic and the Californian,£19.09
Sports and Games,instock availability,Five,The Book of Basketball: The NBA According to The Sports Guy,£44.84
Sports and Games,instock availability,Three,"Friday Night Lights: A Town, a Team, and a Dream",£44.84
Sports and Games,instock availability,One,Sugar Rush (Offensive Line #2),£44.84
Sports and Games,instock availability,Two,Settling the Score (The Summer Games #1),£44.84
Sports and Games,instock availability,Four,Icing (Aces Hockey #2),£44.84
Science Fiction,instock availability,One,Mesaerion: The Best Science Fiction Stories 1800-1849,£37.59
Science Fiction,instock availability,Five,Join,£37.59
Science Fiction,instock availability,Four,"William Shakespeare's Star Wars: Verily, A New Hope (William Shakespeare's Star Wars #4)",£37.59
Science Fiction,instock availability,One,The Project,£37.59
Science Fiction,instock availability,Two,Soft Apocalypse,£37.59
Science Fiction,instock availability,One,Sleeping Giants (Themis Files #1),£37.59
Science Fiction,instock availability,Four,Arena,£37.59
Science Fiction,instock availability,One,Foundation (Foundation (Publication Order) #1),£37.59
Science Fiction,instock availability,One,The Restaurant at the End of the Universe (Hitchhiker's Guide to the Galaxy #2),£37.59
Science Fiction,instock availability,Four,Ready Player One,£37.59
Science Fiction,instock availability,Two,"Life, the Universe and Everything (Hitchhiker's Guide to the Galaxy #3)",£37.59
Science Fiction,instock availability,One,Dune (Dune #1),£37.59
Science Fiction,instock availability,One,Do Androids Dream of Electric Sheep? (Blade Runner #1),£37.59
Science Fiction,instock availability,Two,Three Wishes (River of Time: California #1),£37.59
Science Fiction,instock availability,Two,The Last Girl (The Dominion Trilogy #1),£37.59
Science Fiction,instock availability,Four,Having the Barbarian's Baby (Ice Planet Barbarians #7.5),£37.59
Default,instock availability,Three,"The Coming Woman: A Novel Based on the Life of the Infamous Feminist, Victoria Woodhull",£17.93
Default,instock availability,Four,The Boys in the Boat: Nine Americans and Their Epic Quest for Gold at the 1936 Berlin Olympics,£17.93
Default,instock availability,Two,"Starving Hearts (Triangular Trade Trilogy, #1)",£17.93
Default,instock availability,Three,America's Cradle of Quarterbacks: Western Pennsylvania's Football Factory from Johnny Unitas to Joe Montana,£17.93
Default,instock availability,Three,Aladdin and His Wonderful Lamp,£17.93
Default,instock availability,Three,Penny Maybe,£17.93
Default,instock availability,Two,Maude (1883-1993):She Grew Up with the country,£17.93
Default,instock availability,Five,"The Inefficiency Assassin: Time Management Tactics for Working Smarter, Not Longer",£17.93
Default,instock availability,Two,Soul Reader,£17.93
Default,instock availability,Two,Bossypants,£17.93
Default,instock availability,One,A World of Flavor: Your Gluten Free Passport,£17.93
Default,instock availability,Five,"A Piece of Sky, a Grain of Rice: A Memoir in Four Meditations",£17.93
Default,instock availability,Three,Tracing Numbers on a Train,£17.93
Default,instock availability,One,Thirteen Reasons Why,£17.93
Default,instock availability,Four,The Secret (The Secret #1),£17.93
Default,instock availability,Two,The Psychopath Test: A Journey Through the Madness Industry,£17.93
Default,instock availability,Four,The Kite Runner,£17.93
Default,instock availability,Two,The Girl on the Train,£17.93
Default,instock availability,Two,The Emerald Mystery,£17.93
Default,instock availability,Three,The Bridge to Consciousness: I'm Writing the Bridge Between Science and Our Old and New Beliefs.,£17.93
Sequential Art,instock availability,Four,"Y: The Last Man, Vol. 1: Unmanned (Y: The Last Man #1)",£18.51
Sequential Art,instock availability,Two,"The Wicked + The Divine, Vol. 1: The Faust Act (The Wicked + The Divine)",£18.51
Sequential Art,instock availability,Three,"The Sandman, Vol. 1: Preludes and Nocturnes (The Sandman (volumes) #1)",£18.51
Sequential Art,instock availability,Three,The Complete Maus (Maus #1-2),£18.51
Sequential Art,instock availability,Three,"Skip Beat!, Vol. 01 (Skip Beat! #1)",£18.51
Sequential Art,instock availability,One,"Saga, Volume 1 (Saga (Collected Editions) #1)",£18.51
Sequential Art,instock availability,Five,"Rat Queens, Vol. 1: Sass & Sorcery (Rat Queens (Collected Editions) #1-5)",£18.51
Sequential Art,instock availability,Four,"Paper Girls, Vol. 1 (Paper Girls #1-5)",£18.51
Sequential Art,instock availability,Three,"Ouran High School Host Club, Vol. 1 (Ouran High School Host Club #1)",£18.51
Sequential Art,instock availability,Four,"Ms. Marvel, Vol. 1: No Normal (Ms. Marvel (2014-2015) #1)",£18.51
Sequential Art,instock availability,Three,"Hawkeye, Vol. 1: My Life as a Weapon (Hawkeye #1)",£18.51
Sequential Art,instock availability,Four,"Giant Days, Vol. 1 (Giant Days #1-4)",£18.51
Sequential Art,instock availability,Five,"Fruits Basket, Vol. 1 (Fruits Basket #1)",£18.51
Sequential Art,instock availability,Five,"Bleach, Vol. 1: Strawberry and the Soul Reapers (Bleach #1)",£18.51
Sequential Art,instock availability,Four,"Ajin: Demi-Human, Volume 1 (Ajin: Demi-Human #1)",£18.51
Music,instock availability,Five,Rip it Up and Start Again,£35.02
Music,instock availability,Three,"Our Band Could Be Your Life: Scenes from the American Indie Underground, 1981-1991",£35.02
Music,instock availability,Two,How Music Works,£35.02
Music,instock availability,One,Love Is a Mix Tape (Music #1),£35.02
Music,instock availability,Four,Please Kill Me: The Uncensored Oral History of Punk,£35.02
Music,instock availability,Five,Kill 'Em and Leave: Searching for James Brown and the American Soul,£35.02
Music,instock availability,Two,"Chronicles, Vol. 1",£35.02
Music,instock availability,One,This Is Your Brain on Music: The Science of a Human Obsession,£35.02
Music,instock availability,Three,"Orchestra of Exiles: The Story of Bronislaw Huberman, the Israel Philharmonic, and the One Thousand Jews He Saved from Nazi Horrors",£35.02
Music,instock availability,Five,No One Here Gets Out Alive,£35.02
Music,instock availability,Five,Life,£35.02
Music,instock availability,Two,Old Records Never Die: One Man's Quest for His Vinyl and His Past,£35.02
Music,instock availability,Three,Forever Rockers (The Rocker #12),£35.02
Nonfiction,instock availability,Five,Worlds Elsewhere: Journeys Around Shakespeare’s Globe,£40.30
Nonfiction,instock availability,Three,The Five Love Languages: How to Express Heartfelt Commitment to Your Mate,£40.30
Nonfiction,instock availability,Two,Reasons to Stay Alive,£40.30
Nonfiction,instock availability,Five,#HigherSelfie: Wake Up Your Life. Free Your Soul. Find Your Tribe.,£40.30
Nonfiction,instock availability,Four,"Unseen City: The Majesty of Pigeons, the Discreet Charm of Snails & Other Wonders of the Urban Wilderness",£40.30
Nonfiction,instock availability,Three,Throwing Rocks at the Google Bus: How Growth Became the Enemy of Prosperity,£40.30
Nonfiction,instock availability,Three,The Life-Changing Magic of Tidying Up: The Japanese Art of Decluttering and Organizing,£40.30
Nonfiction,instock availability,One,The Gutsy Girl: Escapades for Your Life of Epic Adventure,£40.30
Nonfiction,instock availability,One,The Electric Pencil: Drawings from Inside State Hospital No. 3,£40.30
Nonfiction,instock availability,Four,Spark Joy: An Illustrated Master Class on the Art of Organizing and Tidying Up,£40.30
Nonfiction,instock availability,Two,Reskilling America: Learning to Labor in the Twenty-First Century,£40.30
Nonfiction,instock availability,Four,In the Country We Love: My Family Divided,£40.30
Nonfiction,instock availability,Two,Everydata: The Misinformation Hidden in the Little Data You Consume Every Day,£40.30
Nonfiction,instock availability,Five,Call the Nurse: True Stories of a Country Nurse on a Scottish Isle,£40.30
Nonfiction,instock availability,One,Algorithms to Live By: The Computer Science of Human Decisions,£40.30
Nonfiction,instock availability,Two,The Power of Now: A Guide to Spiritual Enlightenment,£40.30
Nonfiction,instock availability,Two,The Omnivore's Dilemma: A Natural History of Four Meals,£40.30
Nonfiction,instock availability,One,The Genius of Birds,£40.30
Nonfiction,instock availability,Five,The Artist's Way: A Spiritual Path to Higher Creativity,£40.30
Nonfiction,instock availability,Two,So You've Been Publicly Shamed,£40.30
Religion,instock availability,Two,"Don't Be a Jerk: And Other Practical Advice from Dogen, Japan's Greatest Zen Master",£37.97
Religion,instock availability,Four,You Are What You Love: The Spiritual Power of Habit,£37.97
Religion,instock availability,Five,God: The Most Unpleasant Character in All Fiction,£37.97
Religion,instock availability,Three,The Book of Mormon,£37.97
Religion,instock availability,One,"A History of God: The 4,000-Year Quest of Judaism, Christianity, and Islam",£37.97
Religion,instock availability,Three,The Bhagavad Gita,£37.97
Religion,instock availability,Four,Choosing Our Religion: The Spiritual Lives of America's Nones,£37.97
Young Adult,instock availability,Four,No Love Allowed (Dodge Cove #1),£54.65
Young Adult,instock availability,Four,"Exit, Pursued by a Bear",£54.65
Young Adult,instock availability,One,The Alien Club,£54.65
Young Adult,instock availability,One,Don't Forget Steven,£54.65
Young Adult,instock availability,One,South of Sunshine,£54.65
Young Adult,instock availability,Five,My Life Next Door (My Life Next Door ),£54.65
Young Adult,instock availability,Five,Future Shock (Future Shock #1),£54.65
Young Adult,instock availability,Four,Nightstruck: A Novel,£54.65
Young Adult,instock availability,Two,Tell the Wolves I'm Home,£54.65
Young Adult,instock availability,Four,"Will Grayson, Will Grayson (Will Grayson, Will Grayson)",£54.65
Young Adult,instock availability,Four,Where She Went (If I Stay #2),£54.65
Young Adult,instock availability,One,Two Summers,£54.65
Young Adult,instock availability,Five,The Darkest Corners,£54.65
Young Adult,instock availability,One,Tell Me Three Things,£54.65
Young Adult,instock availability,Four,Lola and the Boy Next Door (Anna and the French Kiss #2),£54.65
Young Adult,instock availability,Five,Kill the Boy Band,£54.65
Young Adult,instock availability,Five,Isla and the Happily Ever After (Anna and the French Kiss #3),£54.65
Young Adult,instock availability,Five,An Abundance of Katherines,£54.65
Young Adult,instock availability,Four,Harry Potter and the Prisoner of Azkaban (Harry Potter #3),£54.65
Young Adult,instock availability,Three,Walk the Edge (Thunder Road #2),£54.65
Fantasy,instock availability,Five,Every Heart a Doorway (Every Heart A Doorway #1),£12.16
Fantasy,instock availability,Four,A Gathering of Shadows (Shades of Magic #2),£12.16
Fantasy,instock availability,Four,The Raven Boys (The Raven Cycle #1),£12.16
Fantasy,instock availability,Five,The False Prince (The Ascendance Trilogy #1),£12.16
Fantasy,instock availability,Three,Tell the Wind and Fire,£12.16
Fantasy,instock availability,Four,A Feast for Crows (A Song of Ice and Fire #4),£12.16
Fantasy,instock availability,Two,The Demonists (Demonist #1),£12.16
Fantasy,instock availability,Five,The Beast (Black Dagger Brotherhood #14),£12.16
Fantasy,instock availability,Five,Paper and Fire (The Great Library #2),£12.16
Fantasy,instock availability,Four,Harry Potter and the Order of the Phoenix (Harry Potter #5),£12.16
Fantasy,instock availability,Five,Harry Potter and the Half-Blood Prince (Harry Potter #6),£12.16
Fantasy,instock availability,One,Harry Potter and the Chamber of Secrets (Harry Potter #2),£12.16
Fantasy,instock availability,Four,The Rose & the Dagger (The Wrath and the Dawn #2),£12.16
Fantasy,instock availability,Two,Soldier (Talon #3),£12.16
Fantasy,instock availability,Two,Midnight Riot (Peter Grant/ Rivers of London - books #1),£12.16
Fantasy,instock availability,Four,Heir to the Sky,£12.16
Fantasy,instock availability,Three,Eragon (The Inheritance Cycle #1),£12.16
Fantasy,instock availability,One,Darkfever (Fever #1),£12.16
Fantasy,instock availability,Four,Ash,£12.16
Fantasy,instock availability,Two,A Storm of Swords (A Song of Ice and Fire #3),£12.16
Add a comment,instock availability,Four,The Gray Rhino: How to Recognize and Act on the Obvious Dangers We Ignore,£59.15
Add a comment,instock availability,Three,The Children,£59.15
Add a comment,instock availability,Four,One with You (Crossfire #5),£59.15
Add a comment,instock availability,Five,Without Shame,£59.15
Add a comment,instock availability,Four,Watchmen,£59.15
Add a comment,instock availability,Three,A Hero's Curse (The Unseen Chronicles #1),£59.15
Add a comment,instock availability,Two,23 Degrees South: A Tropical Tale of Changing Whether...,£59.15
Add a comment,instock availability,One,The Glass Castle,£59.15
Add a comment,instock availability,Three,The Drowning Girls,£59.15
Add a comment,instock availability,Five,Team of Rivals: The Political Genius of Abraham Lincoln,£59.15
Add a comment,instock availability,Four,John Adams,£59.15
Add a comment,instock availability,Five,Good in Bed (Cannie Shapiro #1),£59.15
Add a comment,instock availability,Four,The Joy of Cooking,£59.15
Add a comment,instock availability,One,The Golden Compass (His Dark Materials #1),£59.15
Add a comment,instock availability,Three,The God Delusion,£59.15
Add a comment,instock availability,Four,Pride and Prejudice,£59.15
Add a comment,instock availability,Three,Mere Christianity,£59.15
Add a comment,instock availability,Four,Fun Home: A Family Tragicomic,£59.15
Add a comment,instock availability,Two,The Raven King (The Raven Cycle #4),£59.15
Add a comment,instock availability,One,Find Her (Detective D.D. Warren #8),£59.15
Default,instock availability,Five,The Art of War,£33.34
Default,instock availability,One,Secrets and Lace (Fatal Hearts #1),£33.34
Default,instock availability,One,Romero and Juliet: A Tragic Tale of Love and Zombies,£33.34
Default,instock availability,One,Poses for Artists Volume 1 - Dynamic and Sitting Poses: An Essential Reference for Figure Drawing and the Human Form,£33.34
Default,instock availability,One,Miss Peregrine’s Home for Peculiar Children (Miss Peregrine’s Peculiar Children #1),£33.34
Default,instock availability,Two,Large Print Heart of the Pride,£33.34
Default,instock availability,Two,Grumbles,£33.34
Default,instock availability,One,First Steps for New Christians (Print Edition),£33.34
Default,instock availability,Four,Eureka Trivia 6.0,£33.34
Default,instock availability,Four,Drive: The Surprising Truth About What Motivates Us,£33.34
Default,instock availability,Five,Done Rubbed Out (Reightman & Bailey #1),£33.34
Default,instock availability,Two,Beauty Restored (Riley Family Legacy Novellas #3),£33.34
Default,instock availability,Two,Ayumi's Violin,£33.34
Default,instock availability,Four,Anonymous,£33.34
Default,instock availability,Three,Amy Meets the Saints and Sages,£33.34
Default,instock availability,Five,Amatus,£33.34
Default,instock availability,Four,V for Vendetta (V for Vendetta Complete),£33.34
Default,instock availability,Two,"Unbroken: A World War II Story of Survival, Resilience, and Redemption",£33.34
Default,instock availability,Four,The Wright Brothers,£33.34
Default,instock availability,Five,The Songs of the Gods,£33.34
Nonfiction,instock availability,Three,"Daring Greatly: How the Courage to Be Vulnerable Transforms the Way We Live, Love, Parent, and Lead",£19.43
Nonfiction,instock availability,Three,Big Magic: Creative Living Beyond Fear,£19.43
Nonfiction,instock availability,Two,Becoming Wise: An Inquiry into the Mystery and Art of Living,£19.43
Nonfiction,instock availability,Five,Agnostic: A Spirited Manifesto,£19.43
Nonfiction,instock availability,Four,Whole Lotta Creativity Going On: 60 Fun and Unusual Exercises to Awaken and Strengthen Your Creativity,£19.43
Nonfiction,instock availability,Two,What's It Like in Space?: Stories from Astronauts Who've Been There,£19.43
Nonfiction,instock availability,Two,The Year of Magical Thinking,£19.43
Nonfiction,instock availability,Three,The Literature Book (Big Ideas Simply Explained),£19.43
Nonfiction,instock availability,One,The Bad-Ass Librarians of Timbuktu: And Their Race to Save the World’s Most Precious Manuscripts,£19.43
Nonfiction,instock availability,One,Swell: A Year of Waves,£19.43
Nonfiction,instock availability,Two,No Dream Is Too High: Life Lessons From a Man Who Walked on the Moon,£19.43
Nonfiction,instock availability,Five,Looking for Lovely: Collecting the Moments that Matter,£19.43
Nonfiction,instock availability,Five,Let It Out: A Journey Through Journaling,£19.43
Nonfiction,instock availability,Three,Hamilton: The Revolution,£19.43
Nonfiction,instock availability,Four,"Far & Away: Places on the Brink of Change: Seven Continents, Twenty-Five Years",£19.43
Nonfiction,instock availability,Five,"Eaternity: More than 150 Deliciously Easy Vegan Recipes for a Long, Healthy, Satisfied, Joyful Life",£19.43
Nonfiction,instock availability,Four,Buying In: The Secret Dialogue Between What We Buy and Who We Are,£19.43
Nonfiction,instock availability,Five,Brain on Fire: My Month of Madness,£19.43
Nonfiction,instock availability,Five,Abstract City,£19.43
Nonfiction,instock availability,One,13 Hours: The Inside Account of What Really Happened In Benghazi,£19.43
Young Adult,instock availability,Two,Two Boys Kissing,£32.74
Young Adult,instock availability,Three,The New Guy (and Other Senior Year Distractions),£32.74
Young Adult,instock availability,Four,"The Land of 10,000 Madonnas",£32.74
Young Adult,instock availability,Four,Scarlet (The Lunar Chronicles #2),£32.74
Young Adult,instock availability,Four,Legend (Legend #1),£32.74
Young Adult,instock availability,Five,Lady Renegades (Rebel Belle #3),£32.74
Young Adult,instock availability,Four,Golden (Heart of Dread #3),£32.74
Young Adult,instock availability,One,Cinder (The Lunar Chronicles #1),£32.74
Young Adult,instock availability,Three,Boy Meets Boy,£32.74
Young Adult,instock availability,Five,Annie on My Mind,£32.74
Young Adult,instock availability,Four,New Moon (Twilight #2),£32.74
Young Adult,instock availability,One,Girl Online On Tour (Girl Online #2),£32.74
Young Adult,instock availability,Five,The Haters,£32.74
Young Adult,instock availability,Four,The Art of Not Breathing,£32.74
Fantasy,instock availability,Two,Vampire Girl (Vampire Girl #1),£53.82
Fantasy,instock availability,Three,The Silent Twin (Detective Jennifer Knight #3),£53.82
Fantasy,instock availability,One,The Mirror & the Maze (The Wrath and the Dawn #1.5),£53.82
Fantasy,instock availability,Three,Sister Sable (The Mad Queen #1),£53.82
Fantasy,instock availability,Four,Shadow Rites (Jane Yellowrock #10),£53.82
Fantasy,instock availability,One,Origins (Alphas 0.5),£53.82
Fantasy,instock availability,Two,One Second (Seven #7),£53.82
Fantasy,instock availability,Four,Myriad (Prentor #1),£53.82
Add a comment,instock availability,One,Evicted: Poverty and Profit in the American City,£42.27
Add a comment,instock availability,Two,A Game of Thrones (A Song of Ice and Fire #1),£42.27
Add a comment,instock availability,Three,A Clash of Kings (A Song of Ice and Fire #2),£42.27
Add a comment,instock availability,Two,The Tipping Point: How Little Things Can Make a Big Difference,£42.27
Add a comment,instock availability,One,The Rest Is Noise: Listening to the Twentieth Century,£42.27
Add a comment,instock availability,Three,The Purpose Driven Life: What on Earth Am I Here for?,£42.27
Add a comment,instock availability,Three,The Hitchhiker's Guide to the Galaxy (Hitchhiker's Guide to the Galaxy #1),£42.27
Add a comment,instock availability,One,The Girl Who Kicked the Hornet's Nest (Millennium Trilogy #3),£42.27
Add a comment,instock availability,Four,"The End of Faith: Religion, Terror, and the Future of Reason",£42.27
Add a comment,instock availability,Five,The Complete Poems,£42.27
Add a comment,instock availability,One,The Catcher in the Rye,£42.27
Add a comment,instock availability,One,The Case for Christ (Cases for Christianity),£42.27
Add a comment,instock availability,Five,The Blind Side: Evolution of a Game,£42.27
Add a comment,instock availability,Two,Seven Days in the Art World,£42.27
Add a comment,instock availability,One,Sarah's Key,£42.27
Add a comment,instock availability,Three,Rogue Lawyer (Rogue Lawyer #1),£42.27
Add a comment,instock availability,Two,Manuscript Found in Accra,£42.27
Add a comment,instock availability,Four,Fire Bound (Sea Haven/Sisters of the Heart #5),£42.27
Add a comment,instock availability,Two,Cosmos,£42.27
Add a comment,instock availability,One,#GIRLBOSS,£42.27
Default,instock availability,One,The Rosie Project (Don Tillman #1),£54.04
Default,instock availability,Three,The Power of Habit: Why We Do What We Do in Life and Business,£54.04
Default,instock availability,Five,Steve Jobs,£54.04
Default,instock availability,Three,Luckiest Girl Alive,£54.04
Default,instock availability,Four,"Living Leadership by Insight: A Good Leader Achieves, a Great Leader Builds Monuments",£54.04
Default,instock availability,Five,Lady Midnight (The Dark Artifices #1),£54.04
Default,instock availability,Three,"Hush, Hush (Hush, Hush #1)",£54.04
Default,instock availability,Five,Greek Mythic History,£54.04
Default,instock availability,Three,Every Last Word,£54.04
Default,instock availability,One,Daily Fantasy Sports,£54.04
Default,instock availability,One,Clockwork Angel (The Infernal Devices #1),£54.04
Default,instock availability,Four,City of Fallen Angels (The Mortal Instruments #4),£54.04
Default,instock availability,One,City of Bones (The Mortal Instruments #1),£54.04
Default,instock availability,One,City of Ashes (The Mortal Instruments #2),£54.04
Default,instock availability,Three,"Carry On, Warrior: Thoughts on Life Unarmed",£54.04
Default,instock availability,Two,Carrie,£54.04
Default,instock availability,Three,Angels & Demons (Robert Langdon #1),£54.04
Default,instock availability,Three,"The Three Searches, Meaning, and the Story",£54.04
Default,instock availability,Four,Raspberry Pi Electronics Projects for the Evil Genius,£54.04
Default,instock availability,Five,How to Speak Golf: An Illustrated Guide to Links Lingo,£54.04
Nonfiction,instock availability,Two,The Lonely City: Adventures in the Art of Being Alone,£33.26
Nonfiction,instock availability,Three,The Diary of a Young Girl,£33.26
Nonfiction,instock availability,Three,Snatched: How A Drug Queen Went Undercover for the DEA and Was Kidnapped By Colombian Guerillas,£33.26
Nonfiction,instock availability,Four,Furiously Happy: A Funny Book About Horrible Things,£33.26
Nonfiction,instock availability,Four,"The Sleep Revolution: Transforming Your Life, One Night at a Time",£33.26
Nonfiction,instock availability,Five,"Mother, Can You Not?",£33.26
Nonfiction,instock availability,Three,A Mother's Reckoning: Living in the Aftermath of Tragedy,£33.26
Nonfiction,instock availability,Two,"10% Happier: How I Tamed the Voice in My Head, Reduced Stress Without Losing My Edge, and Found Self-Help That Actually Works",£33.26
Nonfiction,instock availability,Two,Chernobyl 01:23:40: The Incredible True Story of the World's Worst Nuclear Disaster,£33.26
Nonfiction,instock availability,Three,"Zero to One: Notes on Startups, or How to Build the Future",£33.26
Nonfiction,instock availability,One,Why Not Me?,£33.26
Nonfiction,instock availability,Two,When Breath Becomes Air,£33.26
Nonfiction,instock availability,Four,"The Midnight Assassin: Panic, Scandal, and the Hunt for America's First Serial Killer",£33.26
Nonfiction,instock availability,Five,Smarter Faster Better: The Secrets of Being Productive in Life and Business,£33.26
Nonfiction,instock availability,Three,Rising Strong,£33.26
Nonfiction,instock availability,Three,Man's Search for Meaning,£33.26
Nonfiction,instock availability,Two,"Love That Boy: What Two Presidents, Eight Road Trips, and My Son Taught Me About a Parent's Expectations",£33.26
Nonfiction,instock availability,Three,Living Forward: A Proven Plan to Stop Drifting and Get the Life You Want,£33.26
Nonfiction,instock availability,One,I Will Find You,£33.26
Nonfiction,instock availability,Two,Brazen: The Courage to Find the You That's Been Hiding,£33.26
Add a comment,instock availability,Three,The Sense of an Ending,£31.38
Add a comment,instock availability,Three,The Republic,£31.38
Add a comment,instock availability,Three,The Odyssey,£31.38
Add a comment,instock availability,One,The Light of the Fireflies,£31.38
Add a comment,instock availability,One,The Iliad,£31.38
Add a comment,instock availability,Three,The Communist Manifesto,£31.38
Add a comment,instock availability,Three,Lord of the Flies,£31.38
Default,instock availability,Five,Eleanor & Park,£56.51
Default,instock availability,Two,Troublemaker: Surviving Hollywood and Scientology,£56.51
Default,instock availability,Five,Adultery,£56.51
Default,instock availability,Four,Unlimited Intuition Now,£56.51
Default,instock availability,Two,Underlying Notes,£56.51
Default,instock availability,Five,The New Brand You: Your New Image Makes the Sale for You,£56.51
Default,instock availability,Two,The Flowers Lied,£56.51
Default,instock availability,Four,"NaNo What Now? Finding your editing process, revising your NaNoWriMo book and building a writing career through publishing and beyond",£56.51
Default,instock availability,Two,Modern Day Fables,£56.51
Default,instock availability,Five,The Unlikely Pilgrimage of Harold Fry (Harold Fry #1),£56.51
Default,instock availability,Two,The Martian (The Martian #1),£56.51
Default,instock availability,Two,Left Behind (Left Behind #1),£56.51
Default,instock availability,Four,John Vassos: Industrial Design for Modern Life,£56.51
Default,instock availability,One,I'll Give You the Sun,£56.51
Default,instock availability,Two,Heaven is for Real: A Little Boy's Astounding Story of His Trip to Heaven and Back,£56.51
Default,instock availability,One,Ender's Game (The Ender Quintet #1),£56.51
Default,instock availability,Four,Death by Leisure: A Cautionary Tale,£56.51
Default,instock availability,Two,Wildlife of New York: A Five-Borough Coloring Book,£56.51
Default,instock availability,One,The Year of Living Biblically: One Man's Humble Quest to Follow the Bible as Literally as Possible,£56.51
Default,instock availability,Four,The Great Gatsby,£56.51
Nonfiction,instock availability,Four,Between the World and Me,£56.91
Nonfiction,instock availability,Four,Being Mortal: Medicine and What Matters in the End,£56.91
Nonfiction,instock availability,Three,"A Murder Over a Girl: Justice, Gender, Junior High",£56.91
Nonfiction,instock availability,Three,For the Love: Fighting for Grace in a World of Impossible Standards,£56.91
Nonfiction,instock availability,Two,Finding God in the Ruins: How God Redeems Pain,£56.91
Nonfiction,instock availability,Four,The Man Who Mistook His Wife for a Hat and Other Clinical Tales,£56.91
Nonfiction,instock availability,Four,In Cold Blood,£56.91
Nonfiction,instock availability,Three,"Girl, Interrupted",£56.91
Nonfiction,instock availability,Two,Why Save the Bankers?: And Other Essays on Our Economic and Political Crisis,£56.91
Nonfiction,instock availability,Four,Talking to Girls About Duran Duran: One Young Man's Quest for True Love and a Cooler Haircut,£56.91
Nonfiction,instock availability,Four,My Mother Was Nuts,£56.91
Nonfiction,instock availability,Three,"Data, A Love Story: How I Gamed Online Dating to Meet My Match",£56.91
Nonfiction,instock availability,Three,The Jazz of Physics: The Secret Link Between Music and the Structure of the Universe,£56.91
Nonfiction,instock availability,Four,The Gunning of America: Business and the Making of American Gun Culture,£56.91
Nonfiction,instock availability,Two,The Geography of Bliss: One Grump's Search for the Happiest Places in the World,£56.91
Nonfiction,instock availability,One,God Is Not Great: How Religion Poisons Everything,£56.91
Nonfiction,instock availability,Three,We the People: The Modern-Day Figures Who Have Reshaped and Affirmed the Founding Fathers' Vision of America,£56.91
Nonfiction,instock availability,Three,Very Good Lives: The Fringe Benefits of Failure and the Importance of Imagination,£56.91
Nonfiction,instock availability,One,"Unstuffed: Decluttering Your Home, Mind, and Soul",£56.91
Nonfiction,instock availability,One,Under the Banner of Heaven: A Story of Violent Faith,£56.91
Default,instock availability,Three,The Good Girl,£49.03
Default,instock availability,Four,The 7 Habits of Highly Effective People: Powerful Lessons in Personal Change,£49.03
Default,instock availability,Two,Steal Like an Artist: 10 Things Nobody Told You About Being Creative,£49.03
Default,instock availability,Four,Life of Pi,£49.03
Default,instock availability,Five,The Sound Of Love,£49.03
Default,instock availability,Three,The Perks of Being a Wallflower,£49.03
Default,instock availability,Two,The Makings of a Fatherless Child,£49.03
Default,instock availability,Five,The Hobbit (Middle-Earth Universe),£49.03
Default,instock availability,Two,The Fellowship of the Ring (The Lord of the Rings #1),£49.03
Default,instock availability,Three,Ship Leaves Harbor: Essays on Travel by a Recovering Journeyman,£49.03
Default,instock availability,One,Musicophilia: Tales of Music and the Brain,£49.03
Default,instock availability,Four,What If?: Serious Scientific Answers to Absurd Hypothetical Questions,£49.03
Default,instock availability,One,The Fault in Our Stars,£49.03
Default,instock availability,One,The Dream Thieves (The Raven Cycle #2),£49.03
Default,instock availability,Two,The 5th Wave (The 5th Wave #1),£49.03
Default,instock availability,Five,Shiver (The Wolves of Mercy Falls #1),£49.03
Default,instock availability,Three,Remember Me?,£49.03
Default,instock availability,Five,If I Stay (If I Stay #1),£49.03
Default,instock availability,Two,I Know Why the Caged Bird Sings (Maya Angelou's Autobiography #1),£49.03
Default,instock availability,One,Harry Potter and the Deathly Hallows (Harry Potter #7),£49.03
Nonfiction,instock availability,One,"Trespassing Across America: One Man's Epic, Never-Done-Before (and Sort of Illegal) Hike Across the Heartland",£53.51
Nonfiction,instock availability,Two,The Name of God is Mercy,£53.51
Nonfiction,instock availability,Three,Stiff: The Curious Lives of Human Cadavers,£53.51
Nonfiction,instock availability,One,Spilled Milk: Based on a True Story,£53.51
Nonfiction,instock availability,Four,"Rise of the Rocket Girls: The Women Who Propelled Us, from Missiles to the Moon to Mars",£53.51
Nonfiction,instock availability,One,Outliers: The Story of Success,£53.51
Nonfiction,instock availability,One,Notes from a Small Island (Notes From a Small Island #1),£53.51
Nonfiction,instock availability,One,Night (The Night Trilogy #1),£53.51
Nonfiction,instock availability,One,"Miracles from Heaven: A Little Girl, Her Journey to Heaven, and Her Amazing Story of Healing",£53.51
Nonfiction,instock availability,One,Letter to a Christian Nation,£53.51
Nonfiction,instock availability,One,Let's Pretend This Never Happened: A Mostly True Memoir,£53.51
Nonfiction,instock availability,One,It's Never Too Late to Begin Again: Discovering Creativity and Meaning at Midlife and Beyond,£53.51
Nonfiction,instock availability,Five,Into the Wild,£53.51
Nonfiction,instock availability,Three,"In the Garden of Beasts: Love, Terror, and an American Family in Hitler's Berlin",£53.51
Nonfiction,instock availability,Two,I Am Malala: The Girl Who Stood Up for Education and Was Shot by the Taliban,£53.51
Nonfiction,instock availability,Five,Gratitude,£53.51
Nonfiction,instock availability,Five,Disrupted: My Misadventure in the Start-Up Bubble,£53.51
Nonfiction,instock availability,Five,Brave Enough,£53.51
Nonfiction,instock availability,Two,"Born to Run: A Hidden Tribe, Superathletes, and the Greatest Race the World Has Never Seen",£53.51
Nonfiction,instock availability,Five,Blink: The Power of Thinking Without Thinking,£53.51
Default,instock availability,One,Fool Me Once,£16.96
Default,instock availability,Two,Drama,£16.96
Default,instock availability,Five,"Blue Lily, Lily Blue (The Raven Cycle #3)",£16.96
Default,instock availability,Four,Alight (The Generations Trilogy #2),£16.96
Default,instock availability,Four,Vogue Colors A to Z: A Fashion Coloring Book,£16.96
Default,instock availability,Three,The Shining (The Shining #1),£16.96
Default,instock availability,Five,The Hunger Games (The Hunger Games #1),£16.96
Default,instock availability,Five,Outlander (Outlander #1),£16.96
Default,instock availability,Four,Mockingjay (The Hunger Games #3),£16.96
Default,instock availability,Three,Harry Potter and the Sorcerer's Stone (Harry Potter #1),£16.96
Default,instock availability,Two,Confessions of a Shopaholic (Shopaholic #1),£16.96
Default,instock availability,One,Zero History (Blue Ant #3),£16.96
Default,instock availability,One,World War Z: An Oral History of the Zombie War,£16.96
Default,instock availability,Three,Wild: From Lost to Found on the Pacific Crest Trail,£16.96
Default,instock availability,One,"Where'd You Go, Bernadette",£16.96
Default,instock availability,Two,Twilight (Twilight #1),£16.96
Default,instock availability,Three,The Paris Wife,£16.96
Default,instock availability,One,The Maze Runner (The Maze Runner #1),£16.96
Default,instock availability,Two,The Lover's Dictionary,£16.96
Default,instock availability,Three,The Goldfinch,£16.96
Nonfiction,instock availability,One,Black Flags: The Rise of ISIS,£40.87
Nonfiction,instock availability,One,Are We Smart Enough to Know How Smart Animals Are?,£40.87
Nonfiction,instock availability,Four,A Walk in the Woods: Rediscovering America on the Appalachian Trail,£40.87
Nonfiction,instock availability,Two,"The Suffragettes (Little Black Classics, #96)",£40.87
Nonfiction,instock availability,Three,Kindle Paperwhite User's Guide,£40.87
Nonfiction,instock availability,Five,H is for Hawk,£40.87
Nonfiction,instock availability,Five,Travels with Charley: In Search of America,£40.87
Nonfiction,instock availability,Five,The Tumor,£40.87
Nonfiction,instock availability,One,The End of the Jesus Era (An Investigation #1),£40.87
Nonfiction,instock availability,Three,"Eat, Pray, Love",£40.87
Default,instock availability,One,The Giver (The Giver Quartet #1),£12.30
Default,instock availability,Two,The Girl Who Played with Fire (Millennium Trilogy #2),£12.30
Default,instock availability,Four,The Demon-Haunted World: Science as a Candle in the Dark,£12.30
Default,instock availability,Two,The Book Thief,£12.30
Default,instock availability,Two,The Autobiography of Malcolm X,£12.30
Default,instock availability,Two,Shopaholic & Baby (Shopaholic #5),£12.30
Default,instock availability,One,Quiet: The Power of Introverts in a World That Can't Stop Talking,£12.30
Default,instock availability,Two,Packing for Mars: The Curious Science of Life in the Void,£12.30
Default,instock availability,Two,Orange Is the New Black,£12.30
Default,instock availability,Two,One for the Money (Stephanie Plum #1),£12.30
Default,instock availability,One,Morning Star (Red Rising #3),£12.30
Default,instock availability,Two,Life After Life,£12.30
Default,instock availability,One,"Lean In: Women, Work, and the Will to Lead",£12.30
Default,instock availability,Three,Is Everyone Hanging Out Without Me? (And Other Concerns),£12.30
Default,instock availability,Five,Gone Girl,£12.30
Default,instock availability,One,Fellside,£12.30
Default,instock availability,One,Eclipse (Twilight #3),£12.30
Default,instock availability,Three,Dracula,£12.30
Default,instock availability,Five,Dead Wake: The Last Crossing of the Lusitania,£12.30
Default,instock availability,One,"David and Goliath: Underdogs, Misfits, and the Art of Battling Giants",£12.30
Default,instock availability,Five,Dark Places,£23.90
Default,instock availability,Five,Breaking Dawn (Twilight #4),£23.90
Default,instock availability,Five,Beautiful Creatures (Caster Chronicles #1),£23.90
Default,instock availability,Five,A Visit from the Goon Squad,£23.90
Default,instock availability,Five,The Zombie Room,£23.90
Default,instock availability,Three,The Name of the Wind (The Kingkiller Chronicle #1),£23.90
Default,instock availability,Two,Taking Shots (Assassins #1),£23.90
Default,instock availability,One,Shatter Me (Shatter Me #1),£23.90
Default,instock availability,One,Paradise Lost (Paradise #1),£23.90
Default,instock availability,Three,On the Road (Duluoz Legend),£23.90
Default,instock availability,Five,Jane Eyre,£23.90
Default,instock availability,Two,Frankenstein,£23.90
